"","PERMNO","year","RET.x","RET.y"
"1",10000,1986,NA,-0.798780594105747
"2",10000,1987,NA,-0.575758501699314
"3",10001,1986,NA,0.297045157050722
"4",10001,1987,NA,-0.0989835270992305
"5",10001,1988,NA,0.160856032832981
"6",10001,1989,NA,0.687744114785769
"7",10001,1990,NA,-0.00926449302784038
"8",10001,1991,NA,0.607307214998098
"9",10001,1992,NA,0.0134228794130007
"10",10001,1993,NA,0.371066418858488
"11",10001,1994,NA,-0.0904051788187319
"12",10001,1995,NA,0.229127918263079
"13",10001,1996,NA,-0.0912170169749555
"14",10001,1997,NA,0.164944337478276
"15",10001,1998,NA,0.124418900466538
"16",10001,1999,NA,-0.0689978664939405
"17",10001,2000,NA,0.215635903033546
"18",10001,2001,NA,0.229368874000882
"19",10001,2002,NA,-0.319612599180057
"20",10001,2003,NA,-0.177113189292227
"21",10001,2004,NA,0.159656126440995
"22",10001,2005,NA,0.41184034780302
"23",10001,2006,NA,0.183099924373145
"24",10001,2007,0.337672308930109,0.337672308930109
"25",10001,2008,-0.0753666115371541,-0.0753666115371541
"26",10001,2009,0.324740712580422,0.324740712580422
"27",10001,2010,0.07407207595554,0.07407207595554
"28",10001,2011,0.139600347646555,0.139600347646555
"29",10001,2012,-0.139628720208418,-0.139628720208418
"30",10001,2013,-0.091282093843246,-0.091282093843246
"31",10001,2014,0.444208611175726,0.444208611175726
"32",10001,2015,-0.280755798203516,-0.280755798203516
"33",10001,2016,0.739179235420611,0.739179235420611
"34",10001,2017,0.0562389134335941,NA
"35",10002,1986,NA,0.0531966321888129
"36",10002,1987,NA,-0.191920266986405
"37",10002,1988,NA,-0.162502486682721
"38",10002,1989,NA,-0.268657555101627
"39",10002,1990,NA,-0.183674870261616
"40",10002,1991,NA,0.199999306345164
"41",10002,1992,NA,0.500002486539977
"42",10002,1993,NA,0.450612936521068
"43",10002,1994,NA,0.0399960473949454
"44",10002,1995,NA,0.0926086401216488
"45",10002,1996,NA,-0.0436345135164242
"46",10002,1997,NA,0.96554439740733
"47",10002,1998,NA,-0.0484429956024226
"48",10002,1999,NA,-0.178736116579016
"49",10002,2000,NA,-0.214740278868236
"50",10002,2001,NA,0.123989869497209
"51",10002,2002,NA,0.172122000071073
"52",10002,2003,NA,0.493055380497671
"53",10002,2004,NA,0.578712646855421
"54",10002,2005,NA,-0.16252601765895
"55",10002,2006,NA,0.298435243278151
"56",10002,2007,-0.511156856411435,-0.511156856411435
"57",10002,2008,0.288789100271691,0.288789100271691
"58",10002,2009,-0.804083544475837,-0.804083544475837
"59",10002,2010,-0.0696864252672069,-0.0696864252672069
"60",10002,2011,-0.535582659978172,-0.535582659978172
"61",10002,2012,1.24193799104673,1.24193799104673
"62",10002,2013,0.0719446244087474,0.0719446244087474
"63",10003,1986,NA,0.0405338866485661
"64",10003,1987,NA,-0.256075865806208
"65",10003,1988,NA,0.429296075765677
"66",10003,1989,NA,-0.531606563052525
"67",10003,1990,NA,-0.70588245074408
"68",10003,1991,NA,-0.524999878788164
"69",10003,1992,NA,2.26316372165364
"70",10003,1993,NA,-0.338712170893813
"71",10003,1994,NA,-0.121952328676125
"72",10003,1995,NA,1.4305455854986
"73",10004,1986,NA,-0.0517242370690001
"74",10005,1986,NA,-0.812499843150897
"75",10005,1987,NA,0.499999983927532
"76",10005,1988,NA,-0.333333664814814
"77",10005,1989,NA,-0.3333337666666
"78",10005,1990,NA,-0.24999990625
"79",10005,1991,NA,2.00000108214285
"80",10006,1926,NA,0.00875761668986685
"81",10006,1927,NA,0.150645231494633
"82",10006,1928,NA,-0.0542626185323098
"83",10006,1929,NA,-0.153685438198374
"84",10006,1930,NA,-0.59832263624872
"85",10006,1931,NA,-0.739717117197941
"86",10006,1932,NA,0.0370408699746749
"87",10006,1933,NA,2.49999858468849
"88",10006,1934,NA,-0.244895543639076
"89",10006,1935,NA,0.831088489697682
"90",10006,1936,NA,0.749082620099606
"91",10006,1937,NA,-0.597352164126785
"92",10006,1938,NA,0.436849377969834
"93",10006,1939,NA,-0.0695970379722556
"94",10006,1940,NA,-0.043316651033279
"95",10006,1941,NA,0.0673496030727092
"96",10006,1942,NA,-0.179274192845581
"97",10006,1943,NA,0.456445401376105
"98",10006,1944,NA,0.219764948181284
"99",10006,1945,NA,0.697719440241743
"100",10006,1946,NA,-0.178241717212679
"101",10006,1947,NA,-0.11568031601438
"102",10006,1948,NA,-0.219850049118339
"103",10006,1949,NA,-0.0352192973773783
"104",10006,1950,NA,0.307690449249367
"105",10006,1951,NA,0.107059872864465
"106",10006,1952,NA,0.219089995603213
"107",10006,1953,NA,0.077614848862682
"108",10006,1954,NA,0.71624445856952
"109",10006,1955,NA,0.450775461211773
"110",10006,1956,NA,-0.0808551133343717
"111",10006,1957,NA,-0.311562018950798
"112",10006,1958,NA,0.377922216529018
"113",10006,1959,NA,0.0602018682672902
"114",10006,1960,NA,-0.171198894998156
"115",10006,1961,NA,0.842920695748179
"116",10006,1962,NA,0.191663274451225
"117",10006,1963,NA,0.653898762730703
"118",10006,1964,NA,0.320994500477719
"119",10006,1965,NA,0.239615696280076
"120",10006,1966,NA,-0.152036405978719
"121",10006,1967,NA,0.227748488631875
"122",10006,1968,NA,0.458742438488592
"123",10006,1969,NA,-0.179560059152374
"124",10006,1970,NA,-0.0125858122732631
"125",10006,1971,NA,0.182761325971072
"126",10006,1972,NA,-0.0269840215907619
"127",10006,1973,NA,0.282527108229072
"128",10006,1974,NA,-0.393634286291592
"129",10006,1975,NA,0.243823919570015
"130",10006,1976,NA,0.44426657527405
"131",10006,1977,NA,0.0379635798067635
"132",10006,1978,NA,-0.050666501975283
"133",10006,1979,NA,0.188496001823988
"134",10006,1980,NA,0.429337780825146
"135",10006,1981,NA,-0.0551721410346955
"136",10006,1982,NA,-0.129062119201418
"137",10006,1983,NA,0.604515859179301
"138",10006,1984,NA,0.0854054824695656
"139",10007,1986,NA,-0.548384913582877
"140",10007,1987,NA,-0.821429969443126
"141",10007,1988,NA,0
"142",10007,1989,NA,3.97726765184332
"143",10007,1990,NA,-0.940639599870721
"144",10008,1986,NA,0.0666640759422557
"145",10008,1987,NA,-0.300003995331672
"146",10008,1988,NA,1.66762922758605
"147",10009,1986,NA,-0.0850768125516342
"148",10009,1987,NA,-0.419638203373419
"149",10009,1988,NA,0.67669436658866
"150",10009,1989,NA,-0.322635930190672
"151",10009,1990,NA,-0.0170706534761427
"152",10009,1991,NA,0.263939160637201
"153",10009,1992,NA,0.609921153630562
"154",10009,1993,NA,0.477707800921503
"155",10009,1994,NA,-0.00389008690511283
"156",10009,1995,NA,0.656701318968359
"157",10009,1996,NA,0.274691967232062
"158",10009,1997,NA,0.539113549474178
"159",10009,1998,NA,-0.17027828189556
"160",10009,1999,NA,-0.281701334396927
"161",10009,2000,NA,1.27964815249547
"162",10010,1986,NA,-0.411769178671751
"163",10010,1987,NA,0.64999153254467
"164",10010,1988,NA,0.0909112027012557
"165",10010,1989,NA,0.194447186322252
"166",10010,1990,NA,2.62790359497442
"167",10010,1991,NA,0.448717346638412
"168",10010,1992,NA,-0.159296835852114
"169",10010,1993,NA,-0.415380970749603
"170",10010,1994,NA,-0.022223339354591
"171",10010,1995,NA,0.400005003571456
"172",10011,1988,NA,-0.60106400729901
"173",10011,1989,NA,-0.0266702150313689
"174",10011,1990,NA,0.479452443188692
"175",10011,1991,NA,-2.40031322262801e-07
"176",10011,1992,NA,0.370365320160505
"177",10011,1993,NA,0.54053401199617
"178",10011,1994,NA,1.28069159244815
"179",10011,1995,NA,-0.276921292052328
"180",10011,1996,NA,-0.212767365719784
"181",10011,1997,NA,0.256750807552822
"182",10011,1998,NA,0.00537698742301296
"183",10012,1986,NA,-0.374999390363297
"184",10012,1987,NA,-0.719999753405102
"185",10012,1988,NA,0.269225700419099
"186",10012,1989,NA,-0.212123661974311
"187",10012,1990,NA,-0.538463231388623
"188",10012,1991,NA,-0.249998141086744
"189",10012,1992,NA,2.6666450467738
"190",10012,1993,NA,1.48484861357982
"191",10012,1994,NA,-0.121953073484519
"192",10012,1995,NA,1.91666795580474
"193",10012,1996,NA,-0.804762298188178
"194",10012,1997,NA,2.60974518238082
"195",10012,1998,NA,-0.804055361821664
"196",10012,1999,NA,7.86206184358254
"197",10012,2000,NA,-0.750974273271752
"198",10012,2001,NA,0.559991894584679
"199",10012,2002,NA,-0.557694284547721
"200",10012,2003,NA,0.19565525126513
"201",10012,2004,NA,-0.375755542875352
"202",10012,2005,NA,-0.844660131943711
"203",10013,1986,NA,-0.800000292013702
"204",10013,1987,NA,-1.19697112221928e-07
"205",10014,1926,NA,-0.300002020510752
"206",10014,1927,NA,-0.238092214799422
"207",10014,1928,NA,7.25001594012643
"208",10014,1929,NA,-0.0303049740672988
"209",10014,1930,NA,-0.0937520003088947
"210",10014,1931,NA,1.04712790679659
"211",10014,1932,NA,-0.0647520989257045
"212",10014,1933,NA,0.809420894043127
"213",10014,1934,NA,-0.106651930680523
"214",10014,1935,NA,-0.126702113836499
"215",10014,1936,NA,0.0304867564555451
"216",10014,1937,NA,-0.125522597261717
"217",10014,1938,NA,-0.00988700078983029
"218",10014,1939,NA,-0.306659914248095
"219",10014,1940,NA,-0.189445963124039
"220",10014,1941,NA,-0.618001764634939
"221",10014,1942,NA,1.15381945229263
"222",10014,1943,NA,0.714286365465902
"223",10014,1944,NA,0.0624986818669833
"224",10014,1945,NA,0.352953356913719
"225",10014,1946,NA,-0.376811028136395
"226",10014,1947,NA,-0.325581612717506
"227",10014,1948,NA,-0.206896707805486
"228",10014,1949,NA,0.0869565825338876
"229",10014,1950,NA,-0.160004471160201
"230",10014,1951,NA,-1.8652176807521e-06
"231",10014,1952,NA,0.0476211291492468
"232",10014,1953,NA,-0.272731353568334
"233",10014,1954,NA,0.624986666321754
"234",10014,1955,NA,-0.0769208108965344
"235",10014,1956,NA,-0.125000414988248
"236",10014,1957,NA,-0.190482213541971
"237",10014,1958,NA,0.882357269205011
"238",10014,1959,NA,0.124999902696737
"239",10014,1960,NA,-0.111110092610844
"240",10014,1961,NA,0.187497010102168
"241",10014,1962,NA,-0.198685712417463
"242",10014,1963,NA,-0.206897438993346
"243",10014,1964,NA,-0.130438282198524
"244",10014,1965,NA,0.299998848082248
"245",10014,1966,NA,0.0769235065754295
"246",10014,1967,NA,1.85712732490032
"247",10014,1968,NA,0.57499269959732
"248",10014,1969,NA,-0.547618333143229
"249",10014,1970,NA,-0.438595005019179
"250",10014,1971,NA,0.0624978739300228
"251",10014,1972,NA,-0.176468528929812
"252",10014,1973,NA,-0.464292847895747
"253",10014,1974,NA,-0.400000355359767
"254",10014,1975,NA,0.666658581484326
"255",10014,1976,NA,1.40001017792564
"256",10014,1977,NA,0.0833318353856463
"257",10015,1983,NA,0.142856549199644
"258",10015,1984,NA,-0.491668233505698
"259",10015,1985,NA,1.65573900239588
"260",10015,1986,NA,0.382710784270887
"261",10016,1986,NA,0.472952463162
"262",10016,1987,NA,0.00434224211377399
"263",10016,1988,NA,0.406663899100555
"264",10016,1989,NA,-0.107799667653608
"265",10016,1990,NA,-0.346486322720908
"266",10016,1991,NA,-0.00378325446144767
"267",10016,1992,NA,0.301086554053288
"268",10016,1993,NA,-0.165233402345095
"269",10016,1994,NA,-0.550460573858176
"270",10016,1995,NA,0.693868327914171
"271",10016,1996,NA,0.156624710222102
"272",10016,1997,NA,0.093747696089185
"273",10016,1998,NA,0.259534409149592
"274",10016,1999,NA,0.141781024338026
"275",10016,2000,NA,0.185431958602893
"276",10016,2001,NA,0.0154189897490191
"277",10017,1986,NA,-0.257147411164202
"278",10017,1987,NA,0.0461481269748734
"279",10017,1988,NA,0.154411194514211
"280",10018,1986,NA,-0.716417679528232
"281",10018,1987,NA,-0.763157595454411
"282",10018,1988,NA,-0.38888894274157
"283",10018,1989,NA,0.63636145499352
"284",10018,1990,NA,1.50000133893967
"285",10018,1991,NA,0.66667238501433
"286",10018,1992,NA,0.70666803502432
"287",10018,1993,NA,-0.562499419057905
"288",10018,1994,NA,0.142857385605525
"289",10018,1995,NA,-0.890624860307536
"290",10019,1986,NA,-0.156761374240964
"291",10019,1987,NA,-0.246714350245563
"292",10019,1988,NA,0.544982127557854
"293",10019,1989,NA,0.250001364287016
"294",10019,1990,NA,-0.52727369895899
"295",10019,1991,NA,-0.0576943611736898
"296",10019,1992,NA,0.367343281769174
"297",10019,1993,NA,-0.0746278365327171
"298",10019,1994,NA,0.22581360311309
"299",10019,1995,NA,-0.0263175399304728
"300",10019,1996,NA,0.702701379399953
"301",10019,1997,NA,0.481767728229346
"302",10019,1998,NA,-0.701611604037484
"303",10019,1999,NA,1.17566594013659
"304",10019,2000,NA,-0.65217597923041
"305",10019,2001,NA,-0.642857395135372
"306",10019,2002,NA,0.0959983114164156
"307",10020,1986,NA,0.413577725980262
"308",10020,1987,NA,0.247237896315954
"309",10020,1988,NA,-0.164329072447384
"310",10020,1989,NA,-0.0469801956744312
"311",10020,1990,NA,-0.123726281559678
"312",10020,1991,NA,0.352974735748093
"313",10020,1992,NA,0.625020240296715
"314",10020,1993,NA,0.0517568885787427
"315",10021,1986,NA,-0.298244783233948
"316",10021,1987,NA,-0.424999947154649
"317",10021,1988,NA,0.0869562566793376
"318",10021,1989,NA,-0.440001725509656
"319",10021,1990,NA,-0.571427948163837
"320",10021,1991,NA,-1.9935915529512e-07
"321",10021,1992,NA,-0.366668343828573
"322",10021,1993,NA,-0.539472394680883
"323",10021,1994,NA,9.74286574725451
"324",10021,1995,NA,-0.617021382745989
"325",10021,1996,NA,0
"326",10022,1926,NA,0.0644533693919522
"327",10022,1927,NA,0.150950270871893
"328",10022,1928,NA,0.255059751302406
"329",10022,1929,NA,-0.062890603053686
"330",10022,1930,NA,0.0740728930325107
"331",10022,1931,NA,-0.548676848745354
"332",10022,1932,NA,0.118564884600256
"333",10022,1933,NA,0.8901434663568
"334",10022,1934,NA,0.852680948579186
"335",10022,1935,NA,0.42126351546215
"336",10022,1936,NA,0.165935640048699
"337",10022,1937,NA,-0.488505570500248
"338",10022,1938,NA,0.0406263284096984
"339",10022,1939,NA,-0.19004589704326
"340",10022,1940,NA,-0.410336018069557
"341",10022,1941,NA,-0.183244389053421
"342",10022,1942,NA,1.27045215910258
"343",10022,1943,NA,0.604444454546733
"344",10022,1944,NA,0.446800545483301
"345",10022,1945,NA,1.14185595238482
"346",10022,1946,NA,0.280073137570101
"347",10022,1947,NA,-0.206161418205275
"348",10022,1948,NA,-0.360609047239002
"349",10022,1949,NA,0.315893118733695
"350",10022,1950,NA,0.0183232816916552
"351",10022,1951,NA,-0.019042644050092
"352",10022,1952,NA,-0.0887696094023619
"353",10022,1953,NA,0.136918820040944
"354",10022,1954,NA,0.460479191883547
"355",10022,1955,NA,-0.113923205975457
"356",10022,1956,NA,-0.163596156900991
"357",10022,1957,NA,0.210124463485804
"358",10022,1958,NA,0.553846054341533
"359",10022,1959,NA,0.379015074729544
"360",10022,1960,NA,0.0363643695071021
"361",10023,1972,NA,-0.021277
"362",10023,1973,NA,-0.331853417225176
"363",10024,1986,NA,0.149999580009304
"364",10024,1987,NA,-0.543478926341099
"365",10024,1988,NA,-0.285714192213278
"366",10024,1989,NA,-0.500000494893993
"367",10024,1990,NA,-0.666666084850636
"368",10024,1991,NA,0.199999277426131
"369",10024,1992,NA,-0.41666606603515
"370",10025,1986,NA,-0.366333238800705
"371",10025,1987,NA,0.0312477689406241
"372",10025,1988,NA,0.545450043606035
"373",10025,1989,NA,0.749990853097871
"374",10025,1990,NA,-0.470589569316774
"375",10025,1991,NA,0.777781407309188
"376",10025,1992,NA,-0.107143043546845
"377",10025,1993,NA,0.466195948491378
"378",10025,1994,NA,0.516984001348824
"379",10025,1995,NA,0.201601816459145
"380",10025,1996,NA,1.50000369578739
"381",10025,1997,NA,-0.438638496029721
"382",10025,1998,NA,-0.295546659951452
"383",10025,1999,NA,0.183904006531433
"384",10025,2000,NA,0.735432040497927
"385",10025,2001,NA,-0.463829902329052
"386",10025,2002,NA,-0.454506016456414
"387",10025,2003,NA,-0.254858925184373
"388",10025,2004,NA,0.51452975842261
"389",10025,2005,NA,0.694916934774467
"390",10025,2006,NA,1.1324132704177
"391",10025,2007,-0.399552194368227,-0.399552194368227
"392",10025,2008,-0.450793332010186,-0.450793332010186
"393",10025,2009,1.17747200739187,1.17747200739187
"394",10025,2010,-0.322098047566613,-0.322098047566613
"395",10025,2011,0.0847858193696414,0.0847858193696414
"396",10025,2012,1.10408476971976,1.10408476971976
"397",10025,2013,-0.108053703138103,-0.108053703138103
"398",10025,2014,0.100694587206454,0.100694587206454
"399",10025,2015,0.326735486349967,0.326735486349967
"400",10025,2016,0.523537720146999,0.523537720146999
"401",10025,2017,-0.05297194551427,NA
"402",10026,1986,NA,-0.170213310618273
"403",10026,1987,NA,0.487184619145842
"404",10026,1988,NA,0.568966646902983
"405",10026,1989,NA,0.0879121276561721
"406",10026,1990,NA,-0.363643259517146
"407",10026,1991,NA,0.809526738059401
"408",10026,1992,NA,-0.368422496518556
"409",10026,1993,NA,1.29167489156111
"410",10026,1994,NA,-0.436367978983004
"411",10026,1995,NA,-0.0537605181592838
"412",10026,1996,NA,0.227278550899324
"413",10026,1997,NA,0.21295760058134
"414",10026,1998,NA,0.366410457736299
"415",10026,1999,NA,-0.0837994734846911
"416",10026,2000,NA,-0.179877828284087
"417",10026,2001,NA,0.454277050914876
"418",10026,2002,NA,0.460528925163702
"419",10026,2003,NA,0.0574074656786456
"420",10026,2004,NA,0.301923987670644
"421",10026,2005,NA,0.22352757650845
"422",10026,2006,NA,0.40643908686763
"423",10026,2007,-0.237085643705508,-0.237085643705508
"424",10026,2008,0.162008346960147,0.162008346960147
"425",10026,2009,0.125758266786125,0.125758266786125
"426",10026,2010,0.21941375910893,0.21941375910893
"427",10026,2011,0.115724708393916,0.115724708393916
"428",10026,2012,0.210640278084449,0.210640278084449
"429",10026,2013,0.400835433621387,0.400835433621387
"430",10026,2014,0.244459610648453,0.244459610648453
"431",10026,2015,0.0872389269267848,0.0872389269267848
"432",10026,2016,0.159438412231507,0.159438412231507
"433",10026,2017,0.152372962430911,NA
"434",10027,1986,NA,-0.250001354798765
"435",10027,1987,NA,-0.54545173318661
"436",10027,1988,NA,0.0999917141218232
"437",10027,1989,NA,1.2272822427494
"438",10027,1990,NA,0.0816319803180368
"439",10028,1986,NA,-0.555555419475552
"440",10028,1987,NA,0.062501138705384
"441",10028,1988,NA,-0.588233813174355
"442",10028,1989,NA,-0.702382032907839
"443",10028,1990,NA,-0.439998998497809
"444",10028,1991,NA,9.85716511602786
"445",10028,1992,NA,-0.421055906630837
"446",10028,1993,NA,0.772735368484695
"447",10028,1994,NA,-0.0769218115906115
"448",10028,1995,NA,-0.444445023951697
"449",10028,1996,NA,-0.150000003184573
"450",10028,1997,NA,1.58821841045532
"451",10028,1998,NA,0.386371510263413
"452",10028,1999,NA,0.573772702250831
"453",10028,2000,NA,0.416669044322908
"454",10028,2001,NA,-0.600000953840538
"455",10028,2002,NA,-0.68676209529039
"456",10028,2003,NA,1.20656289250931
"457",10028,2004,NA,0.199991999006812
"458",10028,2005,NA,-0.294328355574272
"459",10028,2006,NA,0.276389139989751
"460",10028,2007,1.06692216842231,1.06692216842231
"461",10028,2008,-0.676191427173404,-0.676191427173404
"462",10028,2009,-0.170583017222033,-0.170583017222033
"463",10028,2010,2.03546375373419,2.03546375373419
"464",10028,2011,0.745316673164288,0.745316673164288
"465",10028,2012,-0.160022016235387,-0.160022016235387
"466",10028,2013,-0.589318245289896,-0.589318245289896
"467",10028,2014,-0.452917418674153,-0.452917418674153
"468",10028,2015,-0.729509808975528,-0.729509808975528
"469",10028,2016,2.75759655283001,2.75759655283001
"470",10028,2017,-0.249192768160024,NA
"471",10029,1986,NA,-0.255814085236009
"472",10029,1987,NA,-0.34375209620904
"473",10029,1988,NA,6.63776988929499e-06
"474",10029,1989,NA,-0.0952389663720367
"475",10029,1990,NA,0.368426893513931
"476",10030,1926,NA,-0.0405617760243494
"477",10030,1927,NA,0.360957312488845
"478",10030,1928,NA,0.151592310880697
"479",10030,1929,NA,0.0218628025399905
"480",10030,1930,NA,-0.257115893773967
"481",10030,1931,NA,-0.52041216529553
"482",10030,1932,NA,-0.24656003246781
"483",10030,1933,NA,2.02141444567296
"484",10030,1934,NA,0.0140311356234795
"485",10030,1935,NA,0.510423975681391
"486",10030,1936,NA,0.696319215853807
"487",10030,1937,NA,-0.328123597414167
"488",10030,1938,NA,0.249407456494594
"489",10030,1939,NA,-0.113718905213197
"490",10030,1940,NA,-0.0977603806194209
"491",10030,1941,NA,-0.197809405787565
"492",10030,1942,NA,0.00668587059896142
"493",10030,1943,NA,0.53285883653604
"494",10030,1944,NA,0.202773117690728
"495",10030,1945,NA,0.20058901205661
"496",10030,1946,NA,-0.0586616500458428
"497",10030,1947,NA,-0.0292427369767595
"498",10030,1948,NA,-0.17051682991425
"499",10030,1949,NA,0.118980829109857
"500",10030,1950,NA,0.393240103550187
"501",10030,1951,NA,0.123224962385379
"502",10030,1952,NA,0.0208580170000041
"503",10030,1953,NA,-0.0186283519124434
"504",10030,1954,NA,0.0730929882865463
"505",10030,1955,NA,0.219658665356077
"506",10030,1956,NA,0.182869268575945
"507",10030,1957,NA,-0.211458245660637
"508",10030,1958,NA,0.44284158721577
"509",10030,1959,NA,0.157655032836002
"510",10030,1960,NA,-0.187309752298482
"511",10030,1961,NA,0.288055934530648
"512",10030,1962,NA,0.0958521458136958
"513",10030,1963,NA,0.111117159094922
"514",10030,1964,NA,0.192944771195329
"515",10030,1965,NA,0.100938619400216
"516",10030,1966,NA,-0.0459972329701072
"517",10030,1967,NA,0.0642329166493247
"518",10030,1968,NA,0.993595174539842
"519",10031,1983,NA,-0.12244905926161
"520",10031,1984,NA,-0.441862209243164
"521",10031,1985,NA,0.562497581879766
"522",10031,1986,NA,-0.0400021266717351
"523",10031,1987,NA,-0.305555514403744
"524",10031,1988,NA,-0.36000050674142
"525",10031,1989,NA,-0.43749992329553
"526",10032,1986,NA,-0.465839199063736
"527",10032,1987,NA,-0.441862031999145
"528",10032,1988,NA,0.500004544910988
"529",10032,1989,NA,0.500007450502043
"530",10032,1990,NA,-0.333334809488904
"531",10032,1991,NA,3.22223675428871
"532",10032,1992,NA,0.184206480753763
"533",10032,1993,NA,0.0166622479826835
"534",10032,1994,NA,-0.442624786630556
"535",10032,1995,NA,0.955885358878445
"536",10032,1996,NA,0.00751901170962244
"537",10032,1997,NA,0.776123674795671
"538",10032,1998,NA,1.27732294378268
"539",10032,1999,NA,0.298900839192091
"540",10032,2000,NA,0.381385865837173
"541",10032,2001,NA,-0.126053819044661
"542",10032,2002,NA,-0.669428516578544
"543",10032,2003,NA,0.955593461983752
"544",10032,2004,NA,-0.242286173807332
"545",10032,2005,NA,0.747887169011622
"546",10032,2006,NA,0.0501287016509364
"547",10032,2007,0.0996565149828679,0.0996565149828679
"548",10032,2008,-0.354529843450773,-0.354529843450773
"549",10032,2009,0.680227568852987,0.680227568852987
"550",10032,2010,0.0863735221663546,0.0863735221663546
"551",10032,2011,-0.115061442597011,-0.115061442597011
"552",10032,2012,-0.0577088472846189,-0.0577088472846189
"553",10032,2013,0.67789357138288,0.67789357138288
"554",10032,2014,-0.048045654182351,-0.048045654182351
"555",10032,2015,-0.152632330149116,-0.152632330149116
"556",10032,2016,0.547547136613338,0.547547136613338
"557",10032,2017,0.123612382660587,NA
"558",10033,1986,NA,0.934414452493187
"559",10034,1986,NA,-0.228571244794258
"560",10034,1987,NA,-0.125924155565227
"561",10034,1988,NA,0.756371459061576
"562",10034,1989,NA,-0.0948998897357116
"563",10034,1990,NA,-0.088064851203894
"564",10034,1991,NA,0.419352506102925
"565",10035,1986,NA,-0.694212778805608
"566",10035,1987,NA,-0.283784224518888
"567",10035,1988,NA,2.05660915359773
"568",10035,1989,NA,0.197528360589491
"569",10035,1990,NA,0.463912140086529
"570",10035,1991,NA,0.591542678289877
"571",10035,1992,NA,-0.238941901346261
"572",10035,1993,NA,0.209306360990039
"573",10035,1994,NA,-0.0865372682561976
"574",10035,1995,NA,-0.24210666526568
"575",10035,1996,NA,-0.277780531908938
"576",10035,1997,NA,0.173077839964417
"577",10035,1998,NA,-0.155739970576056
"578",10035,1999,NA,0.446595795920559
"579",10035,2000,NA,-0.67785309126685
"580",10035,2001,NA,0.326675042331328
"581",10035,2002,NA,-0.535177251895755
"582",10035,2003,NA,0.10810634648964
"583",10036,1986,NA,-0.592593508350207
"584",10036,1987,NA,-0.522728694979926
"585",10036,1988,NA,-0.857143049224893
"586",10036,1989,NA,-1.24999937467507e-06
"587",10036,1990,NA,0.666667
"588",10036,1991,NA,0
"589",10037,1986,NA,-0.249998200043551
"590",10037,1987,NA,-0.422222554272008
"591",10037,1988,NA,0.0769210102174842
"592",10037,1989,NA,-0.0357134985595614
"593",10037,1990,NA,-0.592593540992864
"594",10037,1991,NA,1.45453544144598
"595",10037,1992,NA,0.268145373583195
"596",10037,1993,NA,0.137518505172959
"597",10037,1994,NA,0.0741849451336036
"598",10037,1995,NA,0.604423225482281
"599",10037,1996,NA,-0.0308498531436187
"600",10037,1997,NA,0.636645601574409
"601",10037,1998,NA,-0.356236470262872
"602",10037,1999,NA,-0.0942379113413535
"603",10037,2000,NA,0.256618488081342
"604",10037,2001,NA,0.543553192919395
"605",10037,2002,NA,0.0547854286162184
"606",10037,2003,NA,0.203093935776433
"607",10037,2004,NA,-0.0614990245036036
"608",10038,1986,NA,0.00854732775432421
"609",10038,1987,NA,-0.135596430301875
"610",10038,1988,NA,-0.333338633587339
"611",10038,1989,NA,-0.499997735614887
"612",10038,1990,NA,-0.205881439795299
"613",10038,1991,NA,0.037037
"614",10039,1986,NA,-0.0124968607368631
"615",10039,1987,NA,-0.721519347297584
"616",10039,1988,NA,0.0454547886822696
"617",10039,1989,NA,-0.108695239711997
"618",10039,1990,NA,-0.0243879086700708
"619",10039,1991,NA,0.149999525040784
"620",10039,1992,NA,0.217393530405712
"621",10039,1993,NA,3.14287714408819
"622",10039,1994,NA,-0.551722658040513
"623",10039,1995,NA,-0.076921797394423
"624",10039,1996,NA,0.177085305805699
"625",10039,1997,NA,0.415928015589618
"626",10039,1998,NA,0.800005098919722
"627",10039,1999,NA,1.99999926007962
"628",10039,2000,NA,-0.259258652842745
"629",10039,2001,NA,-0.986000057509214
"630",10040,1986,NA,0.107166229944834
"631",10040,1987,NA,-0.773706708629973
"632",10040,1988,NA,-0.31817897679227
"633",10040,1989,NA,-0.466666218132339
"634",10041,1986,NA,-0.568181122279328
"635",10041,1987,NA,-0.65789517389838
"636",10041,1988,NA,4.53421943547028e-07
"637",10041,1989,NA,-0.615384479661519
"638",10041,1990,NA,-0.4
"639",10042,1986,NA,-0.342856576888913
"640",10042,1987,NA,-0.282610791779913
"641",10042,1988,NA,1.06060374818926
"642",10042,1989,NA,0.249995303116948
"643",10042,1990,NA,-0.505881319736145
"644",10042,1991,NA,1.23810205260244
"645",10042,1992,NA,-0.404256582292801
"646",10042,1993,NA,1.32143677355141
"647",10042,1994,NA,-0.615384171135239
"648",10042,1995,NA,0.559995874900336
"649",10042,1996,NA,0.0769259959315305
"650",10042,1997,NA,-0.571426810739317
"651",10042,1998,NA,-0.777778062901898
"652",10042,1999,NA,0.250001356328485
"653",10042,2000,NA,-0.200000956081053
"654",10042,2001,NA,0.0299944929137523
"655",10042,2002,NA,0.0873756319499261
"656",10042,2003,NA,2.38393739924824
"657",10042,2004,NA,-0.662268989330538
"658",10042,2005,NA,-0.429689252929555
"659",10042,2006,NA,0.150678798589582
"660",10042,2007,-0.547619695805765,-0.547619695805765
"661",10042,2008,0.105263173714016,0.105263173714016
"662",10043,1986,NA,0.0336168315468608
"663",10043,1987,NA,0.239269597682435
"664",10043,1988,NA,0.102519202828555
"665",10043,1989,NA,-0.118467679924046
"666",10043,1990,NA,-0.212389804879636
"667",10043,1991,NA,-0.112303969723973
"668",10043,1992,NA,0.310796956711988
"669",10043,1993,NA,0.623842478341597
"670",10043,1994,NA,-0.118633824611272
"671",10043,1995,NA,-0.0543754373868802
"672",10043,1996,NA,0.0298552646149364
"673",10043,1997,NA,0.980503126792796
"674",10043,1998,NA,0.0769631385340075
"675",10043,1999,NA,0.293750651451691
"676",10044,1986,NA,-0.274512281830777
"677",10044,1987,NA,-0.540541692302454
"678",10044,1988,NA,-0.098129297448961
"679",10044,1989,NA,0.826084093709476
"680",10044,1990,NA,-0.29761917093614
"681",10044,1991,NA,0.338987264579797
"682",10044,1992,NA,0.113925783686683
"683",10044,1993,NA,1.40906848938243
"684",10044,1994,NA,0.0188706068926836
"685",10044,1995,NA,-0.111113434059144
"686",10044,1996,NA,-0.52083330576642
"687",10044,1997,NA,-0.04347694957944
"688",10044,1998,NA,-0.0454508619204569
"689",10044,1999,NA,4.73599737205177e-07
"690",10044,2000,NA,-0.345239818048296
"691",10044,2001,NA,3.14548816215544
"692",10044,2002,NA,-0.239392074536181
"693",10044,2003,NA,0.590980976148626
"694",10044,2004,NA,0.940811590062684
"695",10044,2005,NA,0.580854183562408
"696",10044,2006,NA,-0.0760304972906479
"697",10044,2007,0.162317224060728,0.162317224060728
"698",10044,2008,-0.650892759675078,-0.650892759675078
"699",10044,2009,0.608643338762471,0.608643338762471
"700",10044,2010,0.243514063396828,0.243514063396828
"701",10044,2011,-0.0775159720906986,-0.0775159720906986
"702",10044,2012,0.28728555985672,0.28728555985672
"703",10044,2013,0.137964040486438,0.137964040486438
"704",10044,2014,0.171625244687115,0.171625244687115
"705",10044,2015,-0.148902197539567,-0.148902197539567
"706",10044,2016,-0.00693036713152417,-0.00693036713152417
"707",10044,2017,0.204344583818189,NA
"708",10045,1986,NA,-0.370370365589195
"709",10045,1987,NA,-0.764706434900265
"710",10046,1986,NA,-0.573769519358125
"711",10046,1987,NA,1.07084163358806e-06
"712",10046,1988,NA,0.69230343527852
"713",10046,1989,NA,-0.0454509146537482
"714",10046,1990,NA,-0.690476533384591
"715",10046,1991,NA,-0.0384588104112256
"716",10046,1992,NA,0.3599958240784
"717",10046,1993,NA,0.0588144723472368
"718",10046,1994,NA,-0.611112338488867
"719",10046,1995,NA,-0.250001034312435
"720",10047,1986,NA,-0.558279418968354
"721",10047,1987,NA,-0.41666839425041
"722",10047,1988,NA,-0.630952567261299
"723",10047,1989,NA,0.741933848023102
"724",10047,1990,NA,-0.592593201908286
"725",10047,1991,NA,0.454543739092335
"726",10047,1992,NA,-0.688039301346747
"727",10047,1993,NA,-0.6956283990461
"728",10047,1994,NA,-0.666668493690174
"729",10047,1995,NA,-0.416666250089013
"730",10048,1986,NA,0.230768169815374
"731",10048,1987,NA,0.775005363145107
"732",10048,1988,NA,0.0668992221836258
"733",10048,1989,NA,0.544558428985125
"734",10048,1990,NA,-0.4519215939612
"735",10048,1991,NA,0.954289666277254
"736",10048,1992,NA,-0.178061128472572
"737",10048,1993,NA,0.348456604377809
"738",10048,1994,NA,-0.347828688909598
"739",10048,1995,NA,0.0666697429284138
"740",10048,1996,NA,-0.289063263595023
"741",10048,1997,NA,0.714264818029303
"742",10048,1998,NA,2.25320493078484
"743",10048,1999,NA,0.395075122928154
"744",10049,1926,NA,0.247515176635447
"745",10049,1927,NA,0.737413424616857
"746",10049,1928,NA,-0.400936526434359
"747",10049,1929,NA,-0.131102919965853
"748",10049,1930,NA,-0.736841019042433
"749",10049,1931,NA,-0.760001927168084
"750",10049,1932,NA,-0.722222352826532
"751",10050,1972,NA,0
"752",10050,1973,NA,-0.414028082968057
"753",10050,1974,NA,-0.350431311595731
"754",10050,1975,NA,0.424530155132926
"755",10050,1976,NA,0.4609812912164
"756",10050,1977,NA,1.16724842887007
"757",10050,1978,NA,-0.140320224834551
"758",10050,1979,NA,0
"759",10051,1986,NA,0.656253043316809
"760",10051,1987,NA,-0.698113918717574
"761",10051,1988,NA,1.56549943874928e-06
"762",10051,1989,NA,-0.437499441125789
"763",10051,1990,NA,1.88889240730368
"764",10051,1991,NA,0.576925262675013
"765",10051,1992,NA,-0.195124098698671
"766",10051,1993,NA,-0.242425390504331
"767",10051,1994,NA,-0.519998285947054
"768",10051,1995,NA,-0.0833330076999879
"769",10051,1996,NA,1.36362552214979
"770",10051,1997,NA,0.980769361336535
"771",10051,1998,NA,0.74757507455731
"772",10051,1999,NA,-0.555554972017914
"773",10051,2000,NA,-0.86874906994292
"774",10051,2001,NA,3.57142097877948
"775",10051,2002,NA,1.19166838311581
"776",10051,2003,NA,0.184038079287457
"777",10051,2004,NA,-0.479767859945531
"778",10051,2005,NA,-0.295061195428912
"779",10051,2006,NA,0.318741224069784
"780",10051,2007,0.462156355650783,0.462156355650783
"781",10051,2008,0.317888947680051,0.317888947680051
"782",10051,2009,-0.0468733836614915,-0.0468733836614915
"783",10051,2010,0.53217586978818,0.53217586978818
"784",10051,2011,-0.117980904849422,-0.117980904849422
"785",10051,2012,0.463871477471503,0.463871477471503
"786",10051,2013,0.437874252926422,0.437874252926422
"787",10051,2014,-0.443310666103713,-0.443310666103713
"788",10051,2015,-0.248861312893511,-0.248861312893511
"789",10051,2016,-0.217021079422033,-0.217021079422033
"790",10052,1986,NA,0.178565920740123
"791",10052,1987,NA,-0.242421053918734
"792",10052,1988,NA,0.459999127820786
"793",10053,1986,NA,-0.083333925605542
"794",10053,1987,NA,-0.309090637452696
"795",10053,1988,NA,0.0789485732930875
"796",10053,1989,NA,-0.439023583727935
"797",10053,1990,NA,-0.130434812008486
"798",10054,1986,NA,-0.562499498053631
"799",10054,1987,NA,0
"800",10055,1986,NA,-0.833333514492456
"801",10055,1987,NA,-0.250000025900437
"802",10055,1988,NA,0.666675809544042
"803",10055,1989,NA,-0.599997994281469
"804",10055,1990,NA,0.919997324612998
"805",10055,1991,NA,0.041676998901129
"806",10055,1992,NA,-0.760001932806344
"807",10055,1993,NA,-0.375001811305728
"808",10055,1994,NA,-0.833333431513221
"809",10055,1995,NA,-0.800000496666807
"810",10056,1986,NA,-0.179896476434459
"811",10056,1987,NA,0.330768076860869
"812",10056,1988,NA,-0.136645340662806
"813",10056,1989,NA,-0.321821734543636
"814",10056,1990,NA,-0.71061586397065
"815",10056,1991,NA,0.806453118512398
"816",10056,1992,NA,-0.0535683531077458
"817",10056,1993,NA,0.283012628176668
"818",10056,1994,NA,0.0776213714177301
"819",10056,1995,NA,0.563856859134182
"820",10056,1996,NA,0.433275045243525
"821",10056,1997,NA,0.365797795404263
"822",10056,1998,NA,-0.0628094542597267
"823",10056,1999,NA,0.13253821753683
"824",10056,2000,NA,-0.156213576126666
"825",10056,2001,NA,0.434668261796122
"826",10056,2002,NA,0.398247787315917
"827",10056,2003,NA,0.494180224239342
"828",10056,2004,NA,0.111558960810918
"829",10056,2005,NA,-0.0115128041030192
"830",10056,2006,NA,0.383160882019384
"831",10057,1926,NA,-0.500001686576724
"832",10057,1927,NA,0.193884507290778
"833",10057,1928,NA,3.20511955551031
"834",10057,1929,NA,-0.303198797696751
"835",10057,1930,NA,-0.624045440138624
"836",10057,1931,NA,-0.624187366279316
"837",10057,1932,NA,-0.0499990547105151
"838",10057,1933,NA,0.894736860471696
"839",10057,1934,NA,0.333326354835301
"840",10057,1935,NA,1.4374932239893
"841",10057,1936,NA,0.357927183444565
"842",10057,1937,NA,-0.441740678963349
"843",10057,1938,NA,0.521083020287296
"844",10057,1939,NA,0.0482433667413384
"845",10057,1940,NA,0.622327144189669
"846",10057,1941,NA,-0.186033036967178
"847",10057,1942,NA,0.0293962105819796
"848",10057,1943,NA,0.011269685862799
"849",10057,1944,NA,0.642278282751832
"850",10057,1945,NA,0.82586855450577
"851",10057,1946,NA,-0.0582808947058246
"852",10057,1947,NA,0.0234763442206622
"853",10057,1948,NA,-0.249321214967828
"854",10057,1949,NA,0.382370151727187
"855",10057,1950,NA,0.525749077944854
"856",10057,1951,NA,0.0996936796963408
"857",10057,1952,NA,0.0893559140330207
"858",10057,1953,NA,-0.00208474363096733
"859",10057,1954,NA,0.823296425256745
"860",10057,1955,NA,0.408853804102046
"861",10057,1956,NA,0.284950677246778
"862",10057,1957,NA,-0.441604915076996
"863",10057,1958,NA,0.299478482499804
"864",10057,1959,NA,0.0899686508426953
"865",10057,1960,NA,-0.0788939281573549
"866",10057,1961,NA,0.141223587019179
"867",10057,1962,NA,0.122136407883186
"868",10057,1963,NA,0.14579305773247
"869",10057,1964,NA,0.24348295348671
"870",10057,1965,NA,0.42039419763183
"871",10057,1966,NA,-0.0987269739790454
"872",10057,1967,NA,0.19135981989258
"873",10057,1968,NA,0.365895999150788
"874",10057,1969,NA,-0.139257533782225
"875",10057,1970,NA,-0.383025563651741
"876",10057,1971,NA,0.138393320739166
"877",10057,1972,NA,0.255800503413424
"878",10057,1973,NA,-0.219668788255984
"879",10057,1974,NA,-0.354797883496213
"880",10057,1975,NA,0.133878318458306
"881",10057,1976,NA,0.274183011294004
"882",10057,1977,NA,0.3893864855453
"883",10057,1978,NA,0.563351728476555
"884",10057,1979,NA,0.47935485030725
"885",10057,1980,NA,0.0308278561968311
"886",10057,1981,NA,-0.120024841461835
"887",10057,1982,NA,-0.0802815194694722
"888",10057,1983,NA,0.440101644611203
"889",10057,1984,NA,-0.473459204790198
"890",10057,1985,NA,-0.0121579043144933
"891",10057,1986,NA,-0.141438506314014
"892",10057,1987,NA,0.207525566026726
"893",10057,1988,NA,-0.186512003258787
"894",10057,1989,NA,0.189004587655184
"895",10057,1990,NA,-0.539979322787863
"896",10057,1991,NA,0.630676242591672
"897",10057,1992,NA,0.195911343210669
"898",10057,1993,NA,0.201789831907439
"899",10057,1994,NA,0.145509745589323
"900",10057,1995,NA,0.827947126081363
"901",10057,1996,NA,0.618041017322159
"902",10058,1972,NA,-0.150944127409256
"903",10058,1973,NA,-0.764916905302502
"904",10058,1974,NA,-0.499999306530849
"905",10058,1975,NA,0
"906",10058,1976,NA,1.27272465398226
"907",10058,1977,NA,0.159998245001191
"908",10058,1978,NA,-0.448276080161736
"909",10058,1979,NA,0.249999739087139
"910",10058,1980,NA,-0.1000004745592
"911",10058,1981,NA,-0.583333345128479
"912",10058,1982,NA,-0.133332649999992
"913",10058,1983,NA,-2.13186629527407e-06
"914",10058,1984,NA,-0.153845765567746
"915",10059,1986,NA,0.0470361262828263
"916",10059,1987,NA,0.242993646063641
"917",10059,1988,NA,-0.346844626518448
"918",10059,1989,NA,1.09528829113253
"919",10059,1990,NA,-0.377494246579568
"920",10059,1991,NA,0.0662614357085165
"921",10059,1992,NA,-0.348965226775504
"922",10059,1993,NA,3.60169715788452
"923",10059,1994,NA,-0.374997850996268
"924",10060,1986,NA,-0.0192001354202419
"925",10060,1987,NA,0.322701060113401
"926",10060,1988,NA,-0.348230227531308
"927",10060,1989,NA,1.06036847612326
"928",10060,1990,NA,-0.327828951780792
"929",10060,1991,NA,0.0812747327246246
"930",10060,1992,NA,-0.348267614814832
"931",10060,1993,NA,2.80744030039124
"932",10060,1994,NA,-0.0346977303727232
"933",10060,1995,NA,-0.511211546257993
"934",10060,1996,NA,0.0244792740670099
"935",10060,1997,NA,-0.314988774651477
"936",10060,1998,NA,0.0440028048455297
"937",10061,1986,NA,-0.284771666525473
"938",10061,1987,NA,0.384422088250477
"939",10061,1988,NA,-0.121166014941363
"940",10061,1989,NA,-0.758064008046285
"941",10061,1990,NA,-0.96666661036371
"942",10062,1986,NA,-0.390244236231881
"943",10062,1987,NA,0.379996861879763
"944",10062,1988,NA,-0.101445800629985
"945",10062,1989,NA,0.500004403559498
"946",10062,1990,NA,-0.65591559452005
"947",10062,1991,NA,-0.437499226752884
"948",10062,1992,NA,1.2222183909011
"949",10062,1993,NA,-0.324997160035516
"950",10062,1994,NA,-0.0185211480871381
"951",10062,1995,NA,-0.0943414064330315
"952",10062,1996,NA,-0.104169706250998
"953",10062,1997,NA,0.116277492221291
"954",10062,1998,NA,-0.755709733012317
"955",10062,1999,NA,-0.743902800654973
"956",10063,1986,NA,0.999999825373789
"957",10063,1987,NA,-0.607844023924757
"958",10063,1988,NA,0.199995762643308
"959",10063,1989,NA,-0.0470489964649419
"960",10063,1990,NA,-0.714286364681129
"961",10063,1991,NA,0.916675548629211
"962",10063,1992,NA,0.391301661099895
"963",10063,1993,NA,-0.500000306915926
"964",10064,1986,NA,0.25772906383064
"965",10064,1987,NA,0.131147394341553
"966",10064,1988,NA,0.429959013029849
"967",10064,1989,NA,0.806124564436049
"968",10064,1990,NA,-0.52542285634555
"969",10064,1991,NA,2.23812117648164
"970",10064,1992,NA,-0.230684881114587
"971",10064,1993,NA,-0.351952450617319
"972",10064,1994,NA,-0.328365546385428
"973",10064,1995,NA,-0.199997925426923
"974",10064,1996,NA,1.6111201936206
"975",10064,1997,NA,2.8480315799051e-06
"976",10065,1926,NA,0.23481652060451
"977",10065,1927,NA,0.526574786390351
"978",10065,1928,NA,1.12016060489116
"979",10065,1929,NA,-0.232138290564725
"980",10065,1930,NA,-0.327337516228009
"981",10065,1931,NA,-0.734838072782994
"982",10065,1932,NA,0.212123890937185
"983",10065,1933,NA,0.499989985748285
"984",10065,1934,NA,-0.0333304008928149
"985",10065,1935,NA,0.583557273436034
"986",10065,1936,NA,0.383909984050138
"987",10065,1937,NA,-0.412530971909398
"988",10065,1938,NA,0.303181326901069
"989",10065,1939,NA,-0.193458789691348
"990",10065,1940,NA,-0.181951343300541
"991",10065,1941,NA,0.218574924975138
"992",10065,1942,NA,0.121133035286184
"993",10065,1943,NA,0.512609599987194
"994",10065,1944,NA,0.308343322903738
"995",10065,1945,NA,0.5434016681699
"996",10065,1946,NA,-0.149248463723393
"997",10065,1947,NA,0.139761816289213
"998",10065,1948,NA,0.101102763156034
"999",10065,1949,NA,0.277702866561591
"1000",10065,1950,NA,0.2040675550029
"1001",10065,1951,NA,0.329313166542001
"1002",10065,1952,NA,0.193122820372785
"1003",10065,1953,NA,-0.166269478426985
"1004",10065,1954,NA,0.5944454209843
"1005",10065,1955,NA,0.346665044548244
"1006",10065,1956,NA,0.0847708052744638
"1007",10065,1957,NA,-0.062837545917824
"1008",10065,1958,NA,0.511058396441462
"1009",10065,1959,NA,0.0206238934811847
"1010",10065,1960,NA,-0.0645379365996773
"1011",10065,1961,NA,0.378799139766361
"1012",10065,1962,NA,-0.127810678082673
"1013",10065,1963,NA,0.139010283124894
"1014",10065,1964,NA,0.147522208376168
"1015",10065,1965,NA,0.11322056650859
"1016",10065,1966,NA,0.00860211398194655
"1017",10065,1967,NA,0.275546967522492
"1018",10065,1968,NA,0.380420814481536
"1019",10065,1969,NA,-0.165366970106934
"1020",10065,1970,NA,-0.0471231808447706
"1021",10065,1971,NA,0.00553995957435105
"1022",10065,1972,NA,0.177007704596869
"1023",10065,1973,NA,-0.0439921756528472
"1024",10065,1974,NA,-0.310094710241405
"1025",10065,1975,NA,0.392202210195979
"1026",10065,1976,NA,0.353484615360746
"1027",10065,1977,NA,0.109371351001846
"1028",10065,1978,NA,-0.0216906305428366
"1029",10065,1979,NA,0.257453215080766
"1030",10065,1980,NA,0.426009027375652
"1031",10065,1981,NA,0.0568673637554824
"1032",10065,1982,NA,0.346548801513318
"1033",10065,1983,NA,0.140309753766641
"1034",10065,1984,NA,0.0500584396739849
"1035",10065,1985,NA,0.307199348826381
"1036",10065,1986,NA,0.228524041880969
"1037",10065,1987,NA,-0.0683994946494817
"1038",10065,1988,NA,0.112425295760128
"1039",10065,1989,NA,0.20386487012783
"1040",10065,1990,NA,0.05681014044234
"1041",10065,1991,NA,0.405716167376113
"1042",10065,1992,NA,0.140006418189766
"1043",10065,1993,NA,-0.0274087006723847
"1044",10065,1994,NA,-0.0395257866163897
"1045",10065,1995,NA,0.295152064228365
"1046",10065,1996,NA,0.162366661737503
"1047",10065,1997,NA,0.253861377517871
"1048",10065,1998,NA,0.19331723764125
"1049",10065,1999,NA,0.358126212811808
"1050",10065,2000,NA,0.0164167243451601
"1051",10065,2001,NA,-0.247314655172331
"1052",10065,2002,NA,-0.207655758366681
"1053",10065,2003,NA,0.252629142173949
"1054",10065,2004,NA,0.13057742956027
"1055",10065,2005,NA,0.0220748834230111
"1056",10065,2006,NA,0.179551633469049
"1057",10065,2007,0.0955588475438394,0.0955588475438394
"1058",10065,2008,-0.386478110589657,-0.386478110589657
"1059",10065,2009,0.318882363972287,0.318882363972287
"1060",10065,2010,0.116321429083939,0.116321429083939
"1061",10065,2011,-0.0415021661961624,-0.0415021661961624
"1062",10065,2012,0.170740123054525,0.170740123054525
"1063",10065,2013,0.318857951978426,0.318857951978426
"1064",10065,2014,0.1382174698687,0.1382174698687
"1065",10065,2015,0.00500640335259361,0.00500640335259361
"1066",10065,2016,0.0703022392582193,0.0703022392582193
"1067",10065,2017,0.295518259035533,NA
"1068",10066,1983,NA,-0.378379263602553
"1069",10066,1984,NA,-0.369566459855996
"1070",10066,1985,NA,-0.465516428624867
"1071",10066,1986,NA,0.0322568600430251
"1072",10066,1987,NA,-0.781249056103365
"1073",10066,1988,NA,0.285714439755923
"1074",10066,1989,NA,-0.666666375247925
"1075",10066,1990,NA,0
"1076",10066,1991,NA,0
"1077",10066,1992,NA,0
"1078",10066,1993,NA,0
"1079",10066,1994,NA,0
"1080",10066,1995,NA,0
"1081",10066,1996,NA,0
"1082",10066,1997,NA,0
"1083",10066,1998,NA,0
"1084",10066,1999,NA,-0.36507909623834
"1085",10066,2000,NA,-0.825000450686647
"1086",10066,2001,NA,-0.885714591643926
"1087",10066,2002,NA,-1.19999998338116e-06
"1088",10066,2008,0,0
"1089",10067,1986,NA,-0.012049610023537
"1090",10067,1987,NA,0.402439535305294
"1091",10068,1986,NA,-0.414634279407847
"1092",10068,1988,NA,0
"1093",10069,1986,NA,-0.480002220149234
"1094",10069,1987,NA,-0.0512815593304049
"1095",10070,1986,NA,0.411762643084514
"1096",10070,1987,NA,-0.819445995498277
"1097",10070,1988,NA,-0.653845787410506
"1098",10070,1989,NA,0.333334703835842
"1099",10070,1990,NA,-0.708334088675225
"1100",10071,1986,NA,-0.0449901074885767
"1101",10071,1987,NA,-0.485801141985334
"1102",10071,1988,NA,0.169713820757341
"1103",10071,1989,NA,0.0523585713222194
"1104",10071,1990,NA,-0.20085885279552
"1105",10071,1991,NA,1.73961315343817
"1106",10071,1992,NA,-0.0894502058290512
"1107",10071,1993,NA,0.272710411143247
"1108",10071,1994,NA,0.251224747794536
"1109",10071,1995,NA,0.416140666801396
"1110",10071,1996,NA,0.746502904375684
"1111",10071,1997,NA,0.766413614323592
"1112",10072,1986,NA,0.0454534298419287
"1113",10072,1987,NA,-0.86956523444814
"1114",10072,1988,NA,3.08332039622589
"1115",10072,1989,NA,-0.346938796352208
"1116",10072,1990,NA,-0.656250060611043
"1117",10072,1991,NA,0.0909089999999999
"1118",10072,1992,NA,0.333333061159491
"1119",10073,1926,NA,-0.471429470111382
"1120",10073,1927,NA,0.297302915839901
"1121",10073,1928,NA,3.2500035563823
"1122",10073,1929,NA,-0.77451132620047
"1123",10073,1930,NA,-0.782608388856027
"1124",10073,1931,NA,-0.804999801230515
"1125",10073,1932,NA,-0.0769173949528785
"1126",10073,1933,NA,1.41664887053122
"1127",10073,1934,NA,0.0919530120443885
"1128",10073,1935,NA,2.34737576435184
"1129",10073,1936,NA,0.558448306889058
"1130",10073,1937,NA,-0.479996684493169
"1131",10073,1938,NA,0.730782005651632
"1132",10074,1982,NA,-0.51428665827368
"1133",10074,1983,NA,1.30307104901197
"1134",10074,1984,NA,0.470721599374146
"1135",10074,1985,NA,0.967877015000774
"1136",10074,1986,NA,0.493262953298715
"1137",10074,1987,NA,-0.301630723008312
"1138",10074,1988,NA,0.558518939297452
"1139",10074,1989,NA,0.218949034471141
"1140",10074,1990,NA,-0.228078862984946
"1141",10074,1991,NA,0.99328380838533
"1142",10074,1992,NA,0.407931562232898
"1143",10074,1993,NA,0.631707027147006
"1144",10074,1994,NA,0.0835707085286665
"1145",10074,1995,NA,-0.328204331923144
"1146",10074,1996,NA,-0.854839191920135
"1147",10075,1986,NA,0.136966890617212
"1148",10075,1987,NA,0.132562611309143
"1149",10075,1988,NA,0.21998876339105
"1150",10075,1989,NA,-0.150338101013965
"1151",10075,1990,NA,0.108276973721747
"1152",10075,1991,NA,0.422970776321863
"1153",10075,1992,NA,0.425332634783006
"1154",10075,1993,NA,-0.0738312630511374
"1155",10075,1994,NA,-0.270181822470738
"1156",10075,1995,NA,0.592984306193357
"1157",10075,1996,NA,0.252337398928813
"1158",10075,1997,NA,0.686564563273705
"1159",10075,1998,NA,-0.384957278773222
"1160",10075,1999,NA,1.15107062364421
"1161",10076,1986,NA,-0.255814440428217
"1162",10076,1987,NA,-0.609374389311348
"1163",10076,1988,NA,-0.560000953009431
"1164",10076,1989,NA,0.000376816174975092
"1165",10076,1990,NA,-0.636363600000052
"1166",10077,1986,NA,-0.254127689815618
"1167",10077,1987,NA,-0.164379276689658
"1168",10077,1988,NA,-0.113634307913572
"1169",10077,1989,NA,-0.21795226168223
"1170",10077,1990,NA,-0.344262063292171
"1171",10077,1991,NA,-0.774999325860211
"1172",10077,1992,NA,-0.111116255614602
"1173",10077,1993,NA,-0.937499842890906
"1174",10077,1994,NA,1.0000020000005
"1175",10078,1986,NA,0.517791265188519
"1176",10078,1987,NA,0.395831180858343
"1177",10078,1988,NA,-0.00745962158390634
"1178",10078,1989,NA,0.0375946839729313
"1179",10078,1990,NA,0.239132947484126
"1180",10078,1991,NA,0.327481343989434
"1181",10078,1992,NA,0.185020257896622
"1182",10078,1993,NA,-0.133828010175735
"1183",10078,1994,NA,0.218879607840125
"1184",10078,1995,NA,1.57040860695129
"1185",10078,1996,NA,0.126030984694596
"1186",10078,1997,NA,0.552315599017743
"1187",10078,1998,NA,1.1473408155266
"1188",10078,1999,NA,2.61753683265598
"1189",10078,2000,NA,-0.280065576049735
"1190",10078,2001,NA,-0.558744808127429
"1191",10078,2002,NA,-0.747154065301366
"1192",10078,2003,NA,0.437313544397574
"1193",10078,2004,NA,0.205832591201613
"1194",10078,2005,NA,-0.222634148670468
"1195",10078,2006,NA,0.293555755151322
"1196",10078,2007,-0.163750347404513,-0.163750347404513
"1197",10078,2008,-0.789299142909707,-0.789299142909707
"1198",10078,2009,1.45286160016907,1.45286160016907
"1199",10078,2010,0.0128058716808295,0.0128058716808295
"1200",10079,1986,NA,-0.495796280177029
"1201",10079,1987,NA,0.100003895258404
"1202",10079,1988,NA,-0.499997483342149
"1203",10079,1989,NA,-4.2792849044293e-06
"1204",10079,1990,NA,-0.0303121358011547
"1205",10079,1991,NA,2.6249850036079
"1206",10079,1992,NA,0.81035064046202
"1207",10079,1993,NA,-0.523805919665718
"1208",10079,1994,NA,-0.430000036480791
"1209",10079,1995,NA,0.210527970037159
"1210",10080,1986,NA,-0.485942479705142
"1211",10080,1987,NA,-0.499998694079149
"1212",10080,1988,NA,0.0312477425769786
"1213",10080,1989,NA,0.12121618856325
"1214",10080,1990,NA,0.0810769545823329
"1215",10080,1991,NA,-7.85571424288811e-06
"1216",10080,1992,NA,0.0249973678273292
"1217",10080,1993,NA,-0.121955227195018
"1218",10080,1994,NA,0.0555611400883367
"1219",10080,1995,NA,-0.17105264926937
"1220",10080,1996,NA,-0.174601585340731
"1221",10080,1997,NA,-0.163464171015132
"1222",10080,1998,NA,-0.0804588770318385
"1223",10080,1999,NA,-0.400000491350357
"1224",10080,2000,NA,-0.166668382428393
"1225",10080,2001,NA,0.68799500358195
"1226",10080,2002,NA,0.210897175243956
"1227",10080,2003,NA,-0.178084869637847
"1228",10081,1926,NA,-0.372453361771086
"1229",10081,1927,NA,-0.280550045636254
"1230",10081,1928,NA,-5.0187583848782e-06
"1231",10081,1929,NA,-0.857143373167381
"1232",10081,1930,NA,-0.374998161596067
"1233",10081,1931,NA,-0.599998642379181
"1234",10082,1983,NA,-0.318181328267635
"1235",10082,1984,NA,-0.333335624715603
"1236",10082,1985,NA,0.949992457883379
"1237",10082,1986,NA,-0.423079632923636
"1238",10082,1987,NA,-0.666667113900157
"1239",10082,1988,NA,2.26666888343565
"1240",10082,1989,NA,0.37755074110925
"1241",10082,1990,NA,-0.37777757781375
"1242",10082,1991,NA,0.0595209582169816
"1243",10082,1992,NA,-0.0999984796139797
"1244",10082,1993,NA,3.00000862800067
"1245",10082,1994,NA,-0.416666661183843
"1246",10082,1995,NA,1.19999728630901
"1247",10083,1986,NA,-0.28229212024016
"1248",10083,1987,NA,-0.413336625215833
"1249",10083,1988,NA,-0.431819235924701
"1250",10083,1989,NA,-0.0310014668777293
"1251",10083,1990,NA,-0.934210564314534
"1252",10083,1991,NA,0.999998479276786
"1253",10083,1992,NA,0.10000029270201
"1254",10083,1993,NA,-0.727272974586441
"1255",10084,1986,NA,-0.318843908821324
"1256",10084,1987,NA,-0.734043366966985
"1257",10084,1988,NA,0.359998566336396
"1258",10084,1989,NA,1.38086103194097
"1259",10084,1990,NA,-0.714286895399586
"1260",10084,1991,NA,-0.0909019704524642
"1261",10084,1992,NA,-0.29999273314297
"1262",10084,1993,NA,-0.357144090487813
"1263",10084,1994,NA,0.0555566514000521
"1264",10085,1986,NA,0.0399963603314684
"1265",10085,1987,NA,-0.474361466573481
"1266",10085,1988,NA,0.566795751652726
"1267",10085,1989,NA,2.52262436902448
"1268",10085,1990,NA,0.153222217808941
"1269",10085,1991,NA,0.461543129028836
"1270",10085,1992,NA,0.511970349181904
"1271",10085,1993,NA,0.291137996596218
"1272",10085,1994,NA,0.333334370296736
"1273",10085,1995,NA,1.22058962446264
"1274",10085,1996,NA,0.721850029125639
"1275",10085,1997,NA,0.0730712396439717
"1276",10085,1998,NA,-0.297491093384611
"1277",10085,1999,NA,-0.568877655368702
"1278",10085,2000,NA,-0.43787032422227
"1279",10085,2001,NA,1.27365674177018
"1280",10085,2002,NA,0.151851928324933
"1281",10085,2003,NA,-0.14597986331731
"1282",10085,2004,NA,1.57559322999012
"1283",10085,2005,NA,0.0731910957186035
"1284",10085,2006,NA,0.0419577810367038
"1285",10086,1986,NA,0.0976830083805973
"1286",10086,1987,NA,-0.0364436264135798
"1287",10086,1988,NA,0.0988113798164814
"1288",10086,1989,NA,0.0156306410601126
"1289",10086,1990,NA,-0.286839258396119
"1290",10086,1991,NA,0.542928835865779
"1291",10086,1992,NA,0.253679046585838
"1292",10086,1993,NA,0.947721431154428
"1293",10086,1994,NA,0.0956722273017323
"1294",10087,1986,NA,-0.51685396745388
"1295",10087,1987,NA,-0.441858877714223
"1296",10087,1988,NA,0.708324344561927
"1297",10087,1989,NA,1.47093365078975
"1298",10087,1990,NA,-0.0647562899248115
"1299",10087,1991,NA,0.41205228685757
"1300",10087,1992,NA,-0.237464461996284
"1301",10087,1993,NA,0.366494713252872
"1302",10087,1994,NA,0.0413982106587789
"1303",10087,1995,NA,-0.320949904092127
"1304",10087,1996,NA,0.786102738418936
"1305",10087,1997,NA,-0.529261468875816
"1306",10087,1998,NA,-0.196983573498466
"1307",10087,1999,NA,-0.586508866198377
"1308",10087,2000,NA,2.18572688099537
"1309",10088,1986,NA,-0.317071286509242
"1310",10088,1987,NA,-0.749999911495847
"1311",10088,1988,NA,-0.285714
"1312",10089,1986,NA,-0.629921341239624
"1313",10089,1987,NA,-0.46808306523857
"1314",10089,1988,NA,-0.199999584564021
"1315",10089,1989,NA,0.850001567126123
"1316",10089,1990,NA,-0.770270936697583
"1317",10089,1991,NA,0.999990576018597
"1318",10089,1992,NA,-0.147058210275224
"1319",10089,1993,NA,0.517225516966965
"1320",10089,1994,NA,0.954541211166641
"1321",10089,1995,NA,0.465118158244869
"1322",10089,1996,NA,-0.507938201303488
"1323",10089,1997,NA,-2.37174606620982e-07
"1324",10089,1998,NA,-0.604838591615113
"1325",10089,1999,NA,2.91835739657961
"1326",10089,2000,NA,0.479183244618967
"1327",10089,2001,NA,-0.549296283009627
"1328",10089,2002,NA,-0.745000367722233
"1329",10089,2003,NA,0.245091244453091
"1330",10089,2004,NA,-0.314962425919227
"1331",10089,2005,NA,-0.862069355848169
"1332",10090,1986,NA,-0.153848398987103
"1333",10090,1987,NA,-0.431820143820905
"1334",10090,1988,NA,-0.0399969132144183
"1335",10090,1989,NA,-0.208335544651411
"1336",10090,1990,NA,-0.57899124546148
"1337",10090,1991,NA,1.50000258317427
"1338",10090,1992,NA,-0.566668052786978
"1339",10090,1993,NA,3.61542182803748
"1340",10090,1994,NA,-0.716665419227199
"1341",10090,1995,NA,1.73530289290626
"1342",10091,1986,NA,-0.254388005863247
"1343",10091,1987,NA,0.364706505628608
"1344",10091,1988,NA,1.36208465076346
"1345",10091,1989,NA,-0.00730057721179833
"1346",10092,1986,NA,-0.372549486601097
"1347",10092,1987,NA,-0.0937512494101198
"1348",10092,1988,NA,-0.0344830916456176
"1349",10092,1989,NA,-0.0357183352181902
"1350",10092,1990,NA,-0.444448162921804
"1351",10092,1991,NA,0.799992963129126
"1352",10092,1992,NA,0.740740897603876
"1353",10092,1993,NA,0.787238510137662
"1354",10092,1994,NA,-0.654762393567272
"1355",10092,1995,NA,-0.310343882282143
"1356",10092,1996,NA,-0.600004291566923
"1357",10092,1997,NA,1.74999732059855
"1358",10092,1998,NA,2.99999407144837
"1359",10092,1999,NA,6.63640914821255
"1360",10092,2000,NA,-0.680803852662157
"1361",10092,2001,NA,1.24111766436781
"1362",10092,2002,NA,0.102342996355425
"1363",10092,2003,NA,0.178440280482816
"1364",10092,2004,NA,-0.192161699774781
"1365",10092,2005,NA,-0.253569976230964
"1366",10092,2006,NA,0.161248132264371
"1367",10092,2007,-0.278261485107023,-0.278261485107023
"1368",10092,2008,-0.850949162854323,-0.850949162854323
"1369",10092,2009,-0.188781274402999,-0.188781274402999
"1370",10092,2010,-0.540503847211308,-0.540503847211308
"1371",10093,1986,NA,-0.467253609797255
"1372",10093,1987,NA,-0.340455238090344
"1373",10093,1988,NA,-0.186668203271045
"1374",10093,1989,NA,-0.656249782933004
"1375",10093,1990,NA,-0.818181691006451
"1376",10094,1986,NA,-0.126981101658289
"1377",10094,1987,NA,-0.0318139938888975
"1378",10094,1988,NA,-0.154928776914105
"1379",10094,1989,NA,0.816670113839858
"1380",10094,1990,NA,-0.247705568606377
"1381",10094,1991,NA,1.92682374100439
"1382",10094,1992,NA,-0.308335743652156
"1383",10094,1993,NA,-0.469882095893681
"1384",10094,1994,NA,0.0681868491454951
"1385",10094,1995,NA,-0.063832554299893
"1386",10094,1996,NA,2.88634903910547
"1387",10094,1997,NA,0.732447723156305
"1388",10095,1986,NA,-0.268819408613565
"1389",10095,1987,NA,-0.0588246165626168
"1390",10095,1988,NA,-0.406249338825336
"1391",10095,1989,NA,1.73684413890376
"1392",10095,1990,NA,0.326919932132162
"1393",10095,1991,NA,4.95659209285085
"1394",10095,1992,NA,-0.0620535893092148
"1395",10095,1993,NA,-0.822956662524091
"1396",10095,1994,NA,-0.189558917227367
"1397",10096,1986,NA,-4.30019906483281e-06
"1398",10096,1987,NA,-0.164001406991401
"1399",10096,1988,NA,-0.208767503213577
"1400",10096,1989,NA,0.707310902117456
"1401",10096,1990,NA,0.057142991432555
"1402",10097,1986,NA,-0.583334983349105
"1403",10097,1987,NA,-0.900000014813679
"1404",10097,1988,NA,0.9999995
"1405",10097,1989,NA,0
"1406",10097,1990,NA,0
"1407",10097,1991,NA,-0.522729661745647
"1408",10097,1992,NA,0.904764052181697
"1409",10097,1993,NA,1.49999607510086
"1410",10097,1994,NA,0.182763930636926
"1411",10097,1995,NA,0.867077167855227
"1412",10097,1996,NA,0.407774041347386
"1413",10098,1986,NA,-0.606986720317636
"1414",10098,1987,NA,-0.399999686856505
"1415",10098,1988,NA,1.25924895823351
"1416",10098,1989,NA,0.0983612041997695
"1417",10099,1986,NA,-0.152175945436163
"1418",10099,1987,NA,-0.212287471961462
